Model,MAE,RMSE,R²
Baseline RandomForest,0.33913356698995445,0.5497528021721189,0.9644554686383598
Optimized (Ensemble),0.4003,0.6014,0.9575
